{"cameraMode":{"drawMode":0,"name":"Shaded","section":"Shading Mode"},"sceneLighting":false,"audioPlay":false,"sceneViewState":{"m_AlwaysRefresh":false,"showFog":true,"showSkybox":false,"showFlares":true,"showImageEffects":true,"showParticleSystems":true,"showVisualEffectGraphs":true,"m_FxEnabled":true},"in2DMode":false,"pivot":{"x":21.659526824951173,"y":0.1571759432554245,"z":15.113443374633789},"rotation":{"x":0.14890903234481812,"y":-0.6704936027526856,"z":0.13997144997119904,"w":0.7132593989372253},"size":0.1299041360616684,"orthographic":false}