{"cameraMode":{"drawMode":0,"name":"Shaded","section":"Shading Mode"},"sceneLighting":true,"audioPlay":false,"sceneViewState":{"m_AlwaysRefresh":false,"showFog":true,"showSkybox":true,"showFlares":true,"showImageEffects":true,"showParticleSystems":true,"showVisualEffectGraphs":true,"m_FxEnabled":true},"in2DMode":false,"pivot":{"x":-22.54436492919922,"y":-3.7078428268432619,"z":28.312116622924806},"rotation":{"x":-0.06241552531719208,"y":0.6010288000106812,"z":-0.04716163128614426,"w":-0.7953965663909912},"size":33.337371826171878,"orthographic":false}