{"cameraMode":{"drawMode":0,"name":"Shaded","section":"Shading Mode"},"sceneLighting":true,"audioPlay":false,"sceneViewState":{"showFog":true,"showMaterialUpdate":false,"showSkybox":true,"showFlares":true,"showImageEffects":true,"showParticleSystems":true},"in2DMode":false,"pivot":{"x":16.182579040527345,"y":-7.052156448364258,"z":29.835325241088868},"rotation":{"x":0.22386911511421204,"y":-0.23524940013885499,"z":0.055777959525585178,"w":0.9441595077514648},"size":10.0,"orthographic":false}