{"cameraMode":{"drawMode":0,"name":"Shaded","section":"Shading Mode"},"sceneLighting":false,"audioPlay":false,"sceneViewState":{"showFog":true,"showMaterialUpdate":false,"showSkybox":false,"showFlares":true,"showImageEffects":true,"showParticleSystems":true},"in2DMode":false,"pivot":{"x":-9.392000198364258,"y":2.0209083557128908,"z":6.8021111488342289},"rotation":{"x":-0.1311143934726715,"y":-0.664921760559082,"z":0.12017841637134552,"w":-0.7254338264465332},"size":0.45140519738197329,"orthographic":false}